id,answer
101,通过主动休息和采用小妙招如搓热双手、按睛明穴等方法可缓解眼部疲劳。
102,空间精算与功能布局的合理性，确保有限空间内满足居住基本需求。
103,王磊为何可能成为国家队候选人？
104,哪些因素可能推动港股上涨？
105,球员入围金球奖的条件是什么？
106,格拉纳达为何能顶住压力重返西甲？
107,考生如何最终被示范高中录取？
108,宋承宪的掌掴镜头拍摄何时开始？
109,宋承宪的掌掴镜头拍摄最早可能在什么时候开始？
110,哪些因素可能导致市场看多情绪？
111,用户最终决定购买柯达Z1015相机的原因是什么？
112,德永佳集团在瑞信维持中性评级后股价为何仍下跌？
113,医疗器械板块走强的直接表现是什么？
114,信息撤下流程中，哪一步是在教育厅介入之后进行的？
115,哈斯金斯教练如何改变了体育界的种族歧视局面？
116,如何通过主动休息缓解暑期考研复习中的眼睛疲劳？
117,哪只QDII基金在海外市场震荡中表现最好？
118,用户在什么情况下可以发表评论？
119,阿尔卡特朗讯为何考虑调整移动网络业务？
120,投资者为何选择分批补仓？
121,为什么联想IdeaPad U150-SFO适合女性选购？
122,港股市场中哪些板块或个股在2023年1月初表现较为突出？
123,韦迪对孙卫的执教评价如何？
124,任务二的结束日期是什么时候？
125,为何投资者在关注黄金和白银市场的同时，还留意美元汇率和美联储官员的动态？
126,海南免税政策试行为何能推动旅游行业发展？
127,邓超如何回应公众对他公益行为的争议？
128,名单中哪些球员来自海外联赛？
129,哪些种业股在抗跌情况下表现较好？
130,中国男篮备战亚运会，谁将担任内线搭档？
131,谁在舆论调查中支持率最高？
132,徐锦江在哪个日期发现住房漏水问题？
133,中国建筑工程的持股比例因增持后上升了多少？
134,林志颖如何平衡演艺事业与慈善活动？
135,球员入围金球奖的条件是什么？
136,装修准备阶段何时结束？
137,用户同意设计方案后接下来会进行什么步骤？
138,为何当前基金分红总额同比大幅缩水？
139,科威特高温现象导致了哪些直接后果？
140,Kaman Corp在提交备用注册申请后，何时能够满足SEC的监管要求？
141,大S为何称自己是金星人？
142,Kaman Corp在提交了注册申请后，何时能够满足SEC的合规要求？
143,为什么俄欧新协议谈判被推迟？
144,姚明何时开始自我加练？
145,阿尔卡特朗讯为何考虑退出移动网络业务？
146,日本首相为何要重新检证在日美军军费？
147,电信运营商如何通过合作与业务调整推动电子书市场发展？
148,郭先生是如何确认自己中奖并成功兑奖的？
149,邵佳一在沃利茨执教下有哪些具体变化？
150,哪支球队最终可能签下伊比舍维奇？
151,投资者为何选择分批补仓？
152,哪些板块或个股在2023年1月5日出现了上涨？
153,格拉纳达为何能重返西甲？
154,锦江酒店去年利润下降的主要原因是什么？
155,开考信号发出后，考生应进行什么操作？
156,徐锦江在何时发现住房漏水问题？
157,如何在暑期考研复习期间缓解眼睛疲劳？
158,高盛对东方海外维持什么评级？
159,IMF为何建议日本提高销售税率至7-8%？
160,姚明何时开始自我加练以准备复出？
161,梁静产后出现健忘症状的具体表现有哪些？
162,此次演习的主要目的是什么？
163,为何客户能以超低利率参与汇贤房托REIT的IPO认购？
164,Windows 7预售活动策划在哪段时间进行？
165,谁负责确定捐赠对象？
166,钢材价格上升后，哪些因素可能影响夏季的供需平衡？
167,郭先生是如何确认自己中奖并成功兑奖的？
168,何超仪在2023年5月18日当天有哪些安排或事件？
169,促销活动的产品上架开始于哪一天？
170,摄制组前往朝鲜拍摄的关键前提是什么？
171,用户最终是否接受了设计方案？
172,米田贺在比赛中有哪些精彩扑救表现？
173,地震信息是如何从监测中心传递到公众的？
174,用户最终是否完成了购买？
175,科威特高温现象导致的直接后果是什么？
176,核电与新能源板块在两会期间为何受到重点关注？
177,海南免税政策试行为何能带动旅游行业发展？
178,梁静产后失忆的表现有哪些？
179,徐锦江是在哪一天发现住房漏水问题的？
180,中国建筑工程的持股比例因增持后变为多少？
181,为何客户能以超低利率参与汇贤房托REIT的IPO认购？
182,项目销售流程中，优惠折扣商议阶段在哪个阶段之后开始？
183,AMD何时计划进入平板电脑市场？
184,华友世纪股价为何在周四出现大幅下跌？
185,考生在公务员考试中违纪，处理措施依据什么标准？
186,采访环节的总时长是多少分钟？
187,用户为什么决定购买明基Joybook S35？
188,参与花旗银行金砖精英实践计划对留学申请有何帮助？
189,为什么高校老师会感叹新生的送行团很豪华？
190,为何投资者在黄金和白银市场表现积极？
191,Selina为何决定重拍婚纱照？
192,伦敦首映式是在哪一天举行的？
193,同方电子的首款32寸LED电视发布时间与专利技术到期时间相差多少天？
194,邓超如何回应公众对他公益行为的争议？
195,比赛中途为何导致国安球迷被特警接走？
196,阿尔卡特朗讯为何考虑退出移动网络业务？
197,证券通12月28日的市场投资分析中，看多因素和看空因素各有哪些？
198,日本首相为何要重新检证在日美军军费？
199,如果Books-A-Million的收购计划失败，可能导致什么结果？
200,伊比舍维奇为何能影响布莱克本的转会决策？
201,为什么恒生指数今日下跌？
202,Bill Gross为何建议减少持有抵押债券？
203,装修准备阶段何时结束？
204,同方电子首款32寸LED电视发布时间与专利技术到期时间相差多少天？
205,日本首相为何要重新检证在日美军军费？
206,王磊为何能进入国家队候选名单？
207,为什么NYMEX原油期货价格大幅上涨？
208,瑞信在维持中性评级后对目标价做了什么调整？
209,央视购买《新流星蝴蝶剑》后，何时举行发布会？
210,谁将暂代新泽西篮网的主教练？
211,王磊为何可能成为国家队候选人？
212,为何沪指近期承压？
213,四居和跃层户型的均价设定时间是否重叠？
214,用户在什么情况下可以发表评论？
215,钢材价格上升趋势中，哪个因素可能最先发生？
216,用户为什么决定购买柯达Z1015相机？
217,郭先生是如何确认自己中奖并成功兑奖的？
218,锦江酒店去年利润下降的主要原因是什么？
219,摄制组前往朝鲜拍摄的前提条件是什么？
220,大S为何称自己是金星人？
221,锦江酒店去年利润下降的主要原因是什么？
222,林志颖如何平衡演艺事业与慈善活动？
223,锦江酒店去年利润下降的主要原因是什么？
224,黄晓明和解晓东为何可能被导演组考虑换人？
225,欧盟为何对中国处决罪犯发表谴责声明？
226,如何通过眼部按摩缓解暑期考研复习时的眼睛疲劳？
227,4月零售额增长为何未能提振美国股市？
228,采访环节的总时长是多少分钟？
229,为何需要尽快完成新伙伴关系和合作框架协议的签署工作？
230,为何俄欧重启新协议谈判遭遇阻碍？
231,主犯为何被判处无期徒刑？
232,尼康D700采用了什么类型的传感器？
233,韦迪对孙卫的执教评价如何？
234,踩踏事故发生在哪个时间点？
235,AMD新CEO为实现扭亏为盈采取了哪些关键策略？
236,邵佳一在沃利茨战术体系中的角色是否得到提升？
237,格拉纳达为何能升入西甲？
238,用户最终是否认可了设计师提交的方案？
239,为什么高校老师会感叹新生的送行团很豪华？
240,OECD对日本经济因灾害可能造成的影响有何预估？
241,重量测量任务最晚何时完成？
242,央视何时开始播出《新流星蝴蝶剑》？
243,新闻国际在窃听丑闻后采取了哪些具体措施？
244,投资者应如何应对当前市场底部未明的情况？
245,为什么泰国总理阿披实撤回了选举提议？
246,联想IdeaPad U150-SFO为何适合女性选购？
247,AMD新CEO为实现扭亏为盈采取了哪些关键策略？
248,高盛对东方海外维持“买入”评级，但目标价下调，这说明了什么？
249,哪种显微镜技术实现了宽广视角观测样本？
250,尼康D700的性能特点包括哪些？
251,伦敦首映式结束后，接下来的宣传活动是什么？
252,Hulu为何封杀黑莓平板PlayBook？
253,地震信息是如何从震中地区传递到公众的？
254,尼康D700的性能特点如何？
255,促销活动的销售跟踪和广告发布是否在同一天开始？
256,医疗器械板块走强的直接表现是什么？
257,为什么NYMEX原油期货价格大幅上涨？
258,如何在暑期考研复习中有效缓解眼睛疲劳？
259,考试开始的信号是什么？
260,杨洁篪在2023年7月23日的东盟地区论坛外长会上是否涉及了南海问题？
261,东港股份的业务分析流程中，哪项任务是最新开始的？
262,Selina为何要重新拍摄婚纱照？
263,为什么推荐联想IdeaPad U150-SFO适合女性选购？
264,市场投资多空分析中，哪一因素可能对通胀管理产生直接影响？
265,港股市场哪个板块在2023年1月表现最为突出？
266,设计师在设计超迷你住宅时需要优先考虑什么？
267,为什么NYMEX原油期货价格大幅上涨？
268,项目销售流程中，优惠折扣商议阶段的起止时间是什么时候？
269,为何沪指开盘急跌后持续承压？
270,高盛对航运业的前景有何调整？
271,沪指为何开盘急跌且持续承压？
272,为什么NYMEX原油期货价格大幅上涨？
273,反流氓软件联盟何时起诉千橡公司？
274,Kaman Corp 的资本募集计划为何在提交注册申请后三年内没有立即发行债券或股票？
275,合作项目的具体广告业务从何时开始推进？
276,用户最终是否认可了设计方案？
277,阿尔卡特朗讯为何考虑退出移动网络业务？
278,参与花旗银行金砖精英实践计划对留学申请有何帮助？
279,新生报到时为何会引发高校老师的感叹？
280,何超仪在2023年5月18日当天有哪些安排或事件发生？
281,美国1月ADP就业人数变化的实际值与前值、预估值相比如何？
282,哪些因素导致市场出现看空情绪？
283,欧盟为何对中国处决罪犯发表谴责声明？
284,促销活动结束于哪一天？
285,比赛中途为何导致国安球迷被特警接走？
286,如何在暑期考研复习中有效缓解眼睛疲劳？
287,Windows 7预售活动的正式发售日期是什么时候？
288,新闻国际在窃听丑闻后采取了哪些措施？
289,Bill Gross为何建议减少持有抵押债券？
290,促销活动结束是在哪一天？
291,哪只QDII基金在海外市场下跌时表现最好？
292,Bill Gross为何建议减少抵押债券持有并关注新兴市场？
293,东港股份的IC卡与彩印项目预测何时完成？
294,邵佳一在沃利茨执教后为何能成为进攻组织核心？
295,锦江酒店去年利润下降的主要原因是什么？
296,瑞信在维持中性评级后对目标价做了什么调整？
297,花旗银行金砖精英实践计划如何提升学生的留学背景？
298,美国1月ADP就业人数变化的实际值与预期值相比如何？
299,罗海军和美海军陆战队举行演习的主要目的是什么？
300,央视何时开始播出《新流星蝴蝶剑》？
301,邓超如何回应公众对他公益行为的争议？
302,橱柜市场为何呈现两极分化趋势？
303,主犯为何被判处无期徒刑？
304,用户同意设计方案后接下来会进行什么步骤？
305,沪指为何开盘急跌且持续承压？
306,电信运营商如何通过手机阅读业务推动电子书市场发展？
307,根据罗杰斯观点，欧元未来的两种可能性分别是什么？
308,核电与新能源板块在两会期间为何受到重点关注？
309,用户在什么情况下可以发表评论？
310,哪位球员与曼城前锋哲科是挚友？
311,欧盟为何对中国处决罪犯发表谴责声明？
312,为何投资者在关注黄金和白银市场的同时，还特别留意美元汇率和美联储官员的动态？
313,欧盟为何对中国处决罪犯发表谴责声明？
314,谁提出了条件导致夺权阴谋失败？
315,谁是转会谈判的关键中间人？
316,如何在暑期考研复习中有效缓解眼睛疲劳？
317,暴跌分析任务的结束日期是什么时候？
318,比赛中途为何导致双方球迷发生冲突？
319,在Pilanesburg野生动物园游览过程中，哪一种“五大神兽”未被发现？
320,伊比舍维奇与布莱克本的转会谈判进展如何？
321,银行为何暂停发行和审批部分理财产品？
322,杨可可和李开复分别代表哪家公司签署合作协议？
323,新生报到时为何会有一个豪华送行团？
324,王磊为何可能成为国家队候选人？
325,为何客户能以超低利率参与汇贤房托REIT的IPO？
326,信息撤下流程中，哪一步是学校对投诉的直接回应？
327,为什么高校老师会感叹新生的送行团很豪华？
328,哪种显微镜技术能够实现宽广视角观测样本？
329,项目销售流程中，优惠折扣商议阶段开始于何时？
330,杨可可和李开复分别代表哪家公司在合作协议上签字？
331,中国男篮在备战亚运会时为何选择实验小个阵容？
332,阿尔卡特朗讯为何考虑退出移动网络业务？
333,中国男篮备战中为何选择小个阵容实验？
334,德永佳集团在瑞信下调目标价后采取了哪些应对措施？
335,新闻国际在窃听丑闻后采取了哪些具体行动？
336,王磊为何可能成为国家队候选人？
337,名单中哪些球员来自海外联赛？
338,"为什么缴纳第五届""中华脊梁""会费的时间早于第二届？"
339,促销活动的预热宣传在什么时候结束？
340,王磊为何能进入国家队候选名单？
341,袭击者的真实身份是什么？
342,用户购买相机V1018后，还获得了哪些赠品？
343,哪个活动在2023-06-04开始，且持续1天？
344,Bill_Gross为何建议减少房贷债券持有？
345,美国1月ADP就业人数变化的实际值与前值、预估值相比如何？
346,联想IdeaPad U150-SFO为什么适合女性选购？
347,杨洁篪在2023年7月23日的东盟地区论坛外长会上，是否就南海问题发表了讲话？
348,沪指为何承压？
349,哪支球队对布拉德-米勒表现出交易兴趣？
350,联想IdeaPad U150-SFO笔记本为什么适合女性选购？
351,4月零售额增长为何没有提振美国股市？
352,王磊为何能进入国家队候选名单？
353,HTC Desire HD如何提升用户的操作体验？
354,谁可能需要承担比赛冲突事件的主要责任？
355,市场投资多空分析中，看多因素与看空因素各有哪些主要内容？
356,谁是日本新首相人选中支持率最高的人？
357,在Pilanesburg野生动物园游览时，是否有可能发现所有五大神兽？
358,如何在暑期考研复习中缓解眼睛疲劳？
359,格拉纳达为何能升入西甲？
360,促销活动结束是在哪一天？
361,访问中国期间，除了商议足球主题公园建设，还涉及了哪些与足球相关的活动？
362,在游览Pilanesburg野生动物园时，是否有可能发现所有五大神兽？
363,Bill Gross为何建议减少持有抵押债券？
364,在Pilanesburg野生动物园游览过程中，哪一种“五大神兽”未被发现？
365,地震信息是如何从震中传递到公众的？
366,OECD对日本经济因灾害影响的评估结果是什么？
367,球员入围金球奖的条件是什么？
368,谁是“最佳造型五强”中的女歌星？
369,锦江酒店去年利润为何大幅下降？
370,银行为何暂停发行部分理财产品？
371,陈忠和在竞聘结果公布后有何反应？
372,HTC Desire HD如何提升用户的操作体验？
373,为何NYMEX原油期货价格大幅上涨？
374,联想IdeaPad U150-SFO为何适合女性选购？
375,考生如何最终被示范高中录取？
376,何超仪在出席时装品牌活动后紧接着的安排是什么？
377,港股市场中哪些板块或个股近期表现较为突出？
378,中国男篮备战亚运会的核心策略是什么？
379,Bill Gross为何建议减少抵押债券持有量？
380,暴跌分析任务何时开始？
381,德永佳集团股价下跌是否与瑞信下调其目标价有关？
382,谁在夺权阴谋事件中提出了条件？
383,梁静产后出现健忘症状，具体表现有哪些？
384,郭先生中奖后首先做了什么？
385,陈忠和在竞聘结果公布后有何反应？
386,暴跌分析任务的结束日期是什么时候？
387,新闻国际在窃听丑闻后采取了哪些措施来应对受害者赔偿问题？
388,访问中国期间，除了会晤成都谢菲联，还涉及了哪些与足球相关的活动？
389,中国男篮为何进行内线实验？
390,用户最终是否完成了购买？
391,项目销售中的优惠折扣商议阶段何时开始？
392,用户为何决定购买明基Joybook S35？
393,哪个任务在“卓越亚马逊预售启动”之后开始？
394,谁提出了条件？
395,任务二的结束日期是什么时候？
396,装修准备阶段何时结束？
397,大S为何自称是金星人？
398,哪些板块或个股在2023年1月5日出现上涨？
399,沪指承压的最终原因是什么？
400,根据罗杰斯的观点，欧元未来的两种可能是什么？
401,为什么NYMEX原油期货价格大幅上涨？
402,韦迪对孙卫的执教评价如何？
403,如果Books-A-Million的收购计划失败，最终会导致什么结果？
404,为什么今年基金分红总额比去年大幅缩水？
405,访问中国期间，与成都谢菲联会晤的主要目的是什么？
406,宏碁在CES 2011上展示的Iconia Tablet采用了什么操作系统？
407,在Pilanesburg野生动物园游览过程中，游客是否有机会看到所有五大神兽？
408,陈忠和在竞聘结果公布后有哪些反应？
409,梅德韦杰夫与巴罗佐对话中讨论了哪些主要议题？
410,Bill Gross为何建议减少抵押债券持有并转向其他投资策略？
411,在游览Pilanesburg野生动物园时，游客是否发现了所有五大神兽？
412,电信运营商如何通过合作推动电子书市场发展？
413,哪个活动在2023-06-04开始，持续1天？
414,球员入围金球奖的条件是什么？
415,沪指为何开盘急跌且持续承压？
416,大S为何自称外星人？
417,访问中国期间，与成都谢菲联会晤的主要目的是什么？
418,电信运营商如何通过合作推动电子书市场发展？
419,核电与新能源板块在两会期间为何受到重点关注？
420,信息撤下流程中，哪一步骤发生在2008-12-11？
421,伦敦首映式是在哪一天举行的？
422,哪只QDII基金在海外市场下跌时表现最好？
423,梁静产后失忆的表现有哪些？
424,哪位考生因及时处理未迟到？
425,"为何缴纳第五届""中华脊梁""会费的时间早于第二届？"
426,参与花旗银行金砖精英实践计划对留学申请有何帮助？
427,重量测量任务最早可能在哪一天完成？
428,伊比舍维奇为何能影响布莱克本的转会决策？
429,如何在暑期考研复习中缓解眼睛疲劳？
430,林志颖如何平衡演艺事业与慈善活动？
431,球员入围金球奖的条件是什么？
432,为何沪指开盘急跌后持续承压？
433,球员入围金球奖的条件是什么？
434,电信运营商如何通过合作推动电子书市场发展？
435,阿尔卡特朗讯为何考虑调整移动网络业务？
436,徐锦江为何拒绝收房？
437,中国男篮备战亚运会的核心策略是什么？
438,OECD对日本经济因灾害影响的评估结果是什么？
439,为何投资者在关注黄金和白银市场的同时，还留意美元汇率与美联储官员讲话？
440,南昌球迷投掷水瓶引发了什么连锁反应？
441,用户在什么情况下可以发表评论？
442,Kaman Corp在提交了搁置注册申请后，何时能够满足SEC的合规要求？
443,王磊为何可能成为国家队候选人？
444,如何通过简单方法缓解暑期考研复习时的眼睛疲劳？
445,Bill Gross为何建议减少抵押债券持有量？
446,主犯为何被判处无期徒刑？
447,用户最终是否完成了图丽12-24mm镜头的购买？
448,促销活动从开始到结束总共持续了多少天？
449,投资者为何选择分批补仓？
450,核电与新能源板块在两会期间为何受到重点关注？
451,重量测量任务的开始日期是什么时候？
452,考生在公务员考试中违纪，最严重的后果是什么？
453,信息撤下流程中，哪一步是紧接在“调查核实”之后进行的？
454,哪些种业股在抗跌情况下表现最好？
455,信息撤下流程中，删除名单是在哪一天完成的？
456,徐锦江何时发现住房漏水问题？
457,阿尔卡特朗讯为何可能退出移动网络业务？
458,米哈伊尔·普罗霍洛夫对梅德韦杰夫的支持和对总理工作的兴趣是否表明他有从政倾向？
459,德永佳集团股价下跌是否与瑞信下调目标价有关？
460,银行为何暂停发行部分理财产品？
461,OECD对日本经济因灾害影响的潜在GDP降幅估计是多少？
462,Iconia Tablet的处理器和内存配置是什么？
463,谁负责为贫困地区中小学校提供免费的校园规划设计服务？
464,高盛对东方海外维持“买入”评级，但目标价下调，这说明了什么？
465,踩踏事故是在哪个环节发生的？
466,摄制组前往朝鲜拍摄的前提条件是什么？
467,医疗器械板块走强导致哪些个股上涨？
468,中国男篮在备战比赛中为何选择实验小个阵容？
469,电信运营商如何通过合作推动电子书市场发展？
470,促销活动结束是在哪一天？
471,海南免税政策试行为何能推动旅游行业发展？
472,为什么新泽西篮网在开局16连败后选择让汤姆-巴莱斯暂代主教练？
473,如果Books-A-Million的收购计划失败，可能导致什么结果？
474,联想IdeaPad U150-SFO为何适合女性选购？
475,暴跌分析任务的结束日期是什么时候？
476,同方电子何时开始加大LED电视的出口量？
477,宋承宪拍摄掌掴镜头的时间安排是怎样的？
478,东港股份的投资建议与盈利预测任务何时开始？
479,名单中哪些球员来自日本J联赛？
480,名单中哪些球员来自海外联赛？
481,为什么当前债券型基金分红能力大增？
482,为何泰国总理撤回了选举提议？
483,新生报到时为何会有一个豪华送行团？
484,哪只QDII基金在海外市场下跌时表现最好？
